Giorno,Giorno,0-1,1-2,2-3,3-4,4-5,5-6,6-7,7-8,8-9,9-10,10-11,11-12,12-13,13-14,14-15,15-16,16-17,17-18,18-19,19-20,20-21,21-22,22-23,23-24,24-25 
Martedi,01/01/2013,1692,1692,1692,1692,1692,1692,1692,1692,1692,1692,1692,1692,1692,1692,1692,1692,1692,1692,1692,1692,1692,1692,1692,1692,
Mercoledi,02/01/2013,1632,1632,1632,1632,1632,1632,1632,1632,1632,1632,1632,1632,1632,1632,1632,1632,1632,1632,1632,1632,1632,1632,1632,1632,
Giovedi,03/01/2013,1394,1394,1394,1394,1394,1394,1394,1394,1394,1394,1394,1394,1394,1394,1394,1394,1394,1394,1394,1394,1394,1394,1394,1394,
Venerdi,04/01/2013,1338,1338,1338,1338,1338,1338,1338,1338,1338,1338,1338,1338,1338,1338,1338,1338,1338,1338,1338,1338,1338,1338,1338,1338,
Sabato,05/01/2013,1313,1313,1313,1313,1313,1313,1313,1313,1313,1313,1313,1313,1313,1313,1313,1313,1313,1313,1313,1313,1313,1313,1313,1313,
Domenica,06/01/2013,1546,1546,1546,1546,1546,1546,1546,1546,1546,1546,1546,1546,1546,1546,1546,1546,1546,1546,1546,1546,1546,1546,1546,1546,
Lunedi,07/01/2013,1712,1712,1712,1712,1712,1712,1712,1712,1712,1712,1712,1712,1712,1712,1712,1712,1712,1712,1712,1712,1712,1712,1712,1712,
Martedi,08/01/2013,1235,1235,1235,1235,1235,1235,1235,1235,1235,1235,1235,1235,1235,1235,1235,1235,1235,1235,1235,1235,1235,1235,1235,1235,
Mercoledi,09/01/2013,1211,1211,1211,1211,1211,1211,1211,1211,1211,1211,1211,1211,1211,1211,1211,1211,1211,1211,1211,1211,1211,1211,1211,1211,
Giovedi,10/01/2013,1179,1179,1179,1179,1179,1179,1179,1179,1179,1179,1179,1179,1179,1179,1179,1179,1179,1179,1179,1179,1179,1179,1179,1179,
Venerdi,11/01/2013,1166,1166,1166,1166,1166,1166,1166,1166,1166,1166,1166,1166,1166,1166,1166,1166,1166,1166,1166,1166,1166,1166,1166,1166,
Sabato,12/01/2013,1135,1135,1135,1135,1135,1135,1135,1135,1135,1135,1135,1135,1135,1135,1135,1135,1135,1135,1135,1135,1135,1135,1135,1135,
Domenica,13/01/2013,1389,1389,1389,1389,1389,1389,1389,1389,1389,1389,1389,1389,1389,1389,1389,1389,1389,1389,1389,1389,1389,1389,1389,1389,
Lunedi,14/01/2013,1336,1336,1336,1336,1336,1336,1336,1336,1336,1336,1336,1336,1336,1336,1336,1336,1336,1336,1336,1336,1336,1336,1336,1336,
Martedi,15/01/2013,1066,1066,1066,1066,1066,1066,1066,1066,1066,1066,1066,1066,1066,1066,1066,1066,1066,1066,1066,1066,1066,1066,1066,1066,
Mercoledi,16/01/2013,1069,1069,1069,1069,1069,1069,1069,1069,1069,1069,1069,1069,1069,1069,1069,1069,1069,1069,1069,1069,1069,1069,1069,1069,
Giovedi,17/01/2013,1039,1039,1039,1039,1039,1039,1039,1039,1039,1039,1039,1039,1039,1039,1039,1039,1039,1039,1039,1039,1039,1039,1039,1039,
Venerdi,18/01/2013,1001,1001,1001,1001,1001,1001,1001,1001,1001,1001,1001,1001,1001,1001,1001,1001,1001,1001,1001,1001,1001,1001,1001,1001,
Sabato,19/01/2013,979,979,979,979,979,979,979,979,979,979,979,979,979,979,979,979,979,979,979,979,979,979,979,979,
Domenica,20/01/2013,1244,1244,1244,1244,1244,1244,1244,1244,1244,1244,1244,1244,1244,1244,1244,1244,1244,1244,1244,1244,1244,1244,1244,1244,
Lunedi,21/01/2013,1257,1257,1257,1257,1257,1257,1257,1257,1257,1257,1257,1257,1257,1257,1257,1257,1257,1257,1257,1257,1257,1257,1257,1257,
Martedi,22/01/2013,1136,1136,1136,1136,1136,1136,1136,1136,1136,1136,1136,1136,1136,1136,1136,1136,1136,1136,1136,1136,1136,1136,1136,1136,
Mercoledi,23/01/2013,1013,1013,1013,1013,1013,1013,1013,1013,1013,1013,1013,1013,1013,1013,1013,1013,1013,1013,1013,1013,1013,1013,1013,1013,
Giovedi,24/01/2013,1276,1276,1276,1276,1276,1276,1276,1276,1276,1276,1276,1276,1276,1276,1276,1276,1276,1276,1276,1276,1276,1276,1276,1276,
Venerdi,25/01/2013,949,949,949,949,949,949,949,949,949,949,949,949,949,949,949,949,949,949,949,949,949,949,949,949,
Sabato,26/01/2013,915,915,915,915,915,915,915,915,915,915,915,915,915,915,915,915,915,915,915,915,915,915,915,915,
Domenica,27/01/2013,1178,1178,1178,1178,1178,1178,1178,1178,1178,1178,1178,1178,1178,1178,1178,1178,1178,1178,1178,1178,1178,1178,1178,1178,
Lunedi,28/01/2013,1119,1119,1119,1119,1119,1119,1119,1119,1119,1119,1119,1119,1119,1119,1119,1119,1119,1119,1119,1119,1119,1119,1119,1119,
Martedi,29/01/2013,852,852,852,852,852,852,852,852,852,852,852,852,852,852,852,852,852,852,852,852,852,852,852,852,
Mercoledi,30/01/2013,836,836,836,836,836,836,836,836,836,836,836,836,836,836,836,836,836,836,836,836,836,836,836,836,
Giovedi,31/01/2013,830,830,830,830,830,830,830,830,830,830,830,830,830,830,830,830,830,830,830,830,830,830,830,830,
Venerdi,01/02/2013,822,822,822,822,822,822,822,822,822,822,822,822,822,822,822,822,822,822,822,822,822,822,822,822,
Sabato,02/02/2013,830,830,830,830,830,830,830,830,830,830,830,830,830,830,830,830,830,830,830,830,830,830,830,830,
Domenica,03/02/2013,1185,1185,1185,1185,1185,1185,1185,1185,1185,1185,1185,1185,1185,1185,1185,1185,1185,1185,1185,1185,1185,1185,1185,1185,
Lunedi,04/02/2013,1204,1204,1204,1204,1204,1204,1204,1204,1204,1204,1204,1204,1204,1204,1204,1204,1204,1204,1204,1204,1204,1204,1204,1204,
Martedi,05/02/2013,834,834,834,834,834,834,834,834,834,834,834,834,834,834,834,834,834,834,834,834,834,834,834,834,
Mercoledi,06/02/2013,842,842,842,842,842,842,842,842,842,842,842,842,842,842,842,842,842,842,842,842,842,842,842,842,
Giovedi,07/02/2013,826,826,826,826,826,826,826,826,826,826,826,826,826,826,826,826,826,826,826,826,826,826,826,826,
Venerdi,08/02/2013,794,794,794,794,794,794,794,794,794,794,794,794,794,794,794,794,794,794,794,794,794,794,794,794,
Sabato,09/02/2013,782,782,782,782,782,782,782,782,782,782,782,782,782,782,782,782,782,782,782,782,782,782,782,782,
Domenica,10/02/2013,1027,1027,1027,1027,1027,1027,1027,1027,1027,1027,1027,1027,1027,1027,1027,1027,1027,1027,1027,1027,1027,1027,1027,1027,
Lunedi,11/02/2013,989,989,989,989,989,989,989,989,989,989,989,989,989,989,989,989,989,989,989,989,989,989,989,989,
Martedi,12/02/2013,746,746,746,746,746,746,746,746,746,746,746,746,746,746,746,746,746,746,746,746,746,746,746,746,
Mercoledi,13/02/2013,728,728,728,728,728,728,728,728,728,728,728,728,728,728,728,728,728,728,728,728,728,728,728,728,
Giovedi,14/02/2013,717,717,717,717,717,717,717,717,717,717,717,717,717,717,717,717,717,717,717,717,717,717,717,717,
Venerdi,15/02/2013,713,713,713,713,713,713,713,713,713,713,713,713,713,713,713,713,713,713,713,713,713,713,713,713,
Sabato,16/02/2013,750,750,750,750,750,750,750,750,750,750,750,750,750,750,750,750,750,750,750,750,750,750,750,750,
Domenica,17/02/2013,974,974,974,974,974,974,974,974,974,974,974,974,974,974,974,974,974,974,974,974,974,974,974,974,
Lunedi,18/02/2013,944,944,944,944,944,944,944,944,944,944,944,944,944,944,944,944,944,944,944,944,944,944,944,944,
Martedi,19/02/2013,700,700,700,700,700,700,700,700,700,700,700,700,700,700,700,700,700,700,700,700,700,700,700,700,
Mercoledi,20/02/2013,690,690,690,690,690,690,690,690,690,690,690,690,690,690,690,690,690,690,690,690,690,690,690,690,
Giovedi,21/02/2013,690,690,690,690,690,690,690,690,690,690,690,690,690,690,690,690,690,690,690,690,690,690,690,690,
Venerdi,22/02/2013,693,693,693,693,693,693,693,693,693,693,693,693,693,693,693,693,693,693,693,693,693,693,693,693,
Sabato,23/02/2013,724,724,724,724,724,724,724,724,724,724,724,724,724,724,724,724,724,724,724,724,724,724,724,724,
Domenica,24/02/2013,888,888,888,888,888,888,888,888,888,888,888,888,888,888,888,888,888,888,888,888,888,888,888,888,
Lunedi,25/02/2013,854,854,854,854,854,854,854,854,854,854,854,854,854,854,854,854,854,854,854,854,854,854,854,854,
Martedi,26/02/2013,677,677,677,677,677,677,677,677,677,677,677,677,677,677,677,677,677,677,677,677,677,677,677,677,
Mercoledi,27/02/2013,674,674,674,674,674,674,674,674,674,674,674,674,674,674,674,674,674,674,674,674,674,674,674,674,
Giovedi,28/02/2013,680,680,680,680,680,680,680,680,680,680,680,680,680,680,680,680,680,680,680,680,680,680,680,680,
Venerdi,01/03/2013,684,684,684,684,684,684,684,684,684,684,684,684,684,684,684,684,684,684,684,684,684,684,684,684,
Sabato,02/03/2013,729,729,729,729,729,729,729,729,729,729,729,729,729,729,729,729,729,729,729,729,729,729,729,729,
Domenica,03/03/2013,860,860,860,860,860,860,860,860,860,860,860,860,860,860,860,860,860,860,860,860,860,860,860,860,
Lunedi,04/03/2013,854,854,854,854,854,854,854,854,854,854,854,854,854,854,854,854,854,854,854,854,854,854,854,854,
Martedi,05/03/2013,683,683,683,683,683,683,683,683,683,683,683,683,683,683,683,683,683,683,683,683,683,683,683,683,
Mercoledi,06/03/2013,676,676,676,676,676,676,676,676,676,676,676,676,676,676,676,676,676,676,676,676,676,676,676,676,
Giovedi,07/03/2013,774,774,774,774,774,774,774,774,774,774,774,774,774,774,774,774,774,774,774,774,774,774,774,774,
Venerdi,08/03/2013,1133,1133,1133,1133,1133,1133,1133,1133,1133,1133,1133,1133,1133,1133,1133,1133,1133,1133,1133,1133,1133,1133,1133,1133,
Sabato,09/03/2013,1185,1185,1185,1185,1185,1185,1185,1185,1185,1185,1185,1185,1185,1185,1185,1185,1185,1185,1185,1185,1185,1185,1185,1185,
Domenica,10/03/2013,3100,3100,3100,3100,3100,3100,3100,3100,3100,3100,3100,3100,3100,3100,3100,3100,3100,3100,3100,3100,3100,3100,3100,3100,
Lunedi,11/03/2013,2912,2912,2912,2912,2912,2912,2912,2912,2912,2912,2912,2912,2912,2912,2912,2912,2912,2912,2912,2912,2912,2912,2912,2912,
Martedi,12/03/2013,1812,1812,1812,1812,1812,1812,1812,1812,1812,1812,1812,1812,1812,1812,1812,1812,1812,1812,1812,1812,1812,1812,1812,1812,
Mercoledi,13/03/2013,1378,1378,1378,1378,1378,1378,1378,1378,1378,1378,1378,1378,1378,1378,1378,1378,1378,1378,1378,1378,1378,1378,1378,1378,
Giovedi,14/03/2013,1327,1327,1327,1327,1327,1327,1327,1327,1327,1327,1327,1327,1327,1327,1327,1327,1327,1327,1327,1327,1327,1327,1327,1327,
Venerdi,15/03/2013,1245,1245,1245,1245,1245,1245,1245,1245,1245,1245,1245,1245,1245,1245,1245,1245,1245,1245,1245,1245,1245,1245,1245,1245,
Sabato,16/03/2013,1198,1198,1198,1198,1198,1198,1198,1198,1198,1198,1198,1198,1198,1198,1198,1198,1198,1198,1198,1198,1198,1198,1198,1198,
Domenica,17/03/2013,1558,1558,1558,1558,1558,1558,1558,1558,1558,1558,1558,1558,1558,1558,1558,1558,1558,1558,1558,1558,1558,1558,1558,1558,
Lunedi,18/03/2013,1577,1577,1577,1577,1577,1577,1577,1577,1577,1577,1577,1577,1577,1577,1577,1577,1577,1577,1577,1577,1577,1577,1577,1577,
Martedi,19/03/2013,1203,1203,1203,1203,1203,1203,1203,1203,1203,1203,1203,1203,1203,1203,1203,1203,1203,1203,1203,1203,1203,1203,1203,1203,
Mercoledi,20/03/2013,1148,1148,1148,1148,1148,1148,1148,1148,1148,1148,1148,1148,1148,1148,1148,1148,1148,1148,1148,1148,1148,1148,1148,1148,
Giovedi,21/03/2013,1136,1136,1136,1136,1136,1136,1136,1136,1136,1136,1136,1136,1136,1136,1136,1136,1136,1136,1136,1136,1136,1136,1136,1136,
Venerdi,22/03/2013,1132,1132,1132,1132,1132,1132,1132,1132,1132,1132,1132,1132,1132,1132,1132,1132,1132,1132,1132,1132,1132,1132,1132,1132,
Sabato,23/03/2013,1175,1175,1175,1175,1175,1175,1175,1175,1175,1175,1175,1175,1175,1175,1175,1175,1175,1175,1175,1175,1175,1175,1175,1175,
Domenica,24/03/2013,1585,1585,1585,1585,1585,1585,1585,1585,1585,1585,1585,1585,1585,1585,1585,1585,1585,1585,1585,1585,1585,1585,1585,1585,
Lunedi,25/03/2013,1976,1976,1976,1976,1976,1976,1976,1976,1976,1976,1976,1976,1976,1976,1976,1976,1976,1976,1976,1976,1976,1976,1976,1976,
Martedi,26/03/2013,2464,2464,2464,2464,2464,2464,2464,2464,2464,2464,2464,2464,2464,2464,2464,2464,2464,2464,2464,2464,2464,2464,2464,2464,
Mercoledi,27/03/2013,1898,1898,1898,1898,1898,1898,1898,1898,1898,1898,1898,1898,1898,1898,1898,1898,1898,1898,1898,1898,1898,1898,1898,1898,
Giovedi,28/03/2013,1530,1530,1530,1530,1530,1530,1530,1530,1530,1530,1530,1530,1530,1530,1530,1530,1530,1530,1530,1530,1530,1530,1530,1530,
Venerdi,29/03/2013,1528,1528,1528,1528,1528,1528,1528,1528,1528,1528,1528,1528,1528,1528,1528,1528,1528,1528,1528,1528,1528,1528,1528,1528,
Sabato,30/03/2013,1724,1724,1724,1724,1724,1724,1724,1724,1724,1724,1724,1724,1724,1724,1724,1724,1724,1724,1724,1724,1724,1724,1724,1724,
Domenica,31/03/2013,4089,4089,4089,4089,4089,4089,4089,4089,4089,4089,4089,4089,4089,4089,4089,4089,4089,4089,4089,4089,4089,4089,4089,4089,
Lunedi,01/04/2013,3873,3873,3873,3873,3873,3873,3873,3873,3873,3873,3873,3873,3873,3873,3873,3873,3873,3873,3873,3873,3873,3873,3873,3873,
Martedi,02/04/2013,3315,3315,3315,3315,3315,3315,3315,3315,3315,3315,3315,3315,3315,3315,3315,3315,3315,3315,3315,3315,3315,3315,3315,3315,
Mercoledi,03/04/2013,2708,2708,2708,2708,2708,2708,2708,2708,2708,2708,2708,2708,2708,2708,2708,2708,2708,2708,2708,2708,2708,2708,2708,2708,
Giovedi,04/04/2013,2611,2611,2611,2611,2611,2611,2611,2611,2611,2611,2611,2611,2611,2611,2611,2611,2611,2611,2611,2611,2611,2611,2611,2611,
Venerdi,05/04/2013,2542,2542,2542,2542,2542,2542,2542,2542,2542,2542,2542,2542,2542,2542,2542,2542,2542,2542,2542,2542,2542,2542,2542,2542,
Sabato,06/04/2013,3453,3453,3453,3453,3453,3453,3453,3453,3453,3453,3453,3453,3453,3453,3453,3453,3453,3453,3453,3453,3453,3453,3453,3453,
Domenica,07/04/2013,3604,3604,3604,3604,3604,3604,3604,3604,3604,3604,3604,3604,3604,3604,3604,3604,3604,3604,3604,3604,3604,3604,3604,3604,
Lunedi,08/04/2013,3836,3836,3836,3836,3836,3836,3836,3836,3836,3836,3836,3836,3836,3836,3836,3836,3836,3836,3836,3836,3836,3836,3836,3836,
Martedi,09/04/2013,3218,3218,3218,3218,3218,3218,3218,3218,3218,3218,3218,3218,3218,3218,3218,3218,3218,3218,3218,3218,3218,3218,3218,3218,
Mercoledi,10/04/2013,2708,2708,2708,2708,2708,2708,2708,2708,2708,2708,2708,2708,2708,2708,2708,2708,2708,2708,2708,2708,2708,2708,2708,2708,
Giovedi,11/04/2013,2613,2613,2613,2613,2613,2613,2613,2613,2613,2613,2613,2613,2613,2613,2613,2613,2613,2613,2613,2613,2613,2613,2613,2613,
Venerdi,12/04/2013,2231,2231,2231,2231,2231,2231,2231,2231,2231,2231,2231,2231,2231,2231,2231,2231,2231,2231,2231,2231,2231,2231,2231,2231,
Sabato,13/04/2013,4043,4043,4043,4043,4043,4043,4043,4043,4043,4043,4043,4043,4043,4043,4043,4043,4043,4043,4043,4043,4043,4043,4043,4043,
Domenica,14/04/2013,4024,4024,4024,4024,4024,4024,4024,4024,4024,4024,4024,4024,4024,4024,4024,4024,4024,4024,4024,4024,4024,4024,4024,4024,
Lunedi,15/04/2013,4155,4155,4155,4155,4155,4155,4155,4155,4155,4155,4155,4155,4155,4155,4155,4155,4155,4155,4155,4155,4155,4155,4155,4155,
Martedi,16/04/2013,4069,4069,4069,4069,4069,4069,4069,4069,4069,4069,4069,4069,4069,4069,4069,4069,4069,4069,4069,4069,4069,4069,4069,4069,
Mercoledi,17/04/2013,4072,4072,4072,4072,4072,4072,4072,4072,4072,4072,4072,4072,4072,4072,4072,4072,4072,4072,4072,4072,4072,4072,4072,4072,
Giovedi,18/04/2013,4095,4095,4095,4095,4095,4095,4095,4095,4095,4095,4095,4095,4095,4095,4095,4095,4095,4095,4095,4095,4095,4095,4095,4095,
Venerdi,19/04/2013,4025,4025,4025,4025,4025,4025,4025,4025,4025,4025,4025,4025,4025,4025,4025,4025,4025,4025,4025,4025,4025,4025,4025,4025,
Sabato,20/04/2013,4057,4057,4057,4057,4057,4057,4057,4057,4057,4057,4057,4057,4057,4057,4057,4057,4057,4057,4057,4057,4057,4057,4057,4057,
Domenica,21/04/2013,4188,4188,4188,4188,4188,4188,4188,4188,4188,4188,4188,4188,4188,4188,4188,4188,4188,4188,4188,4188,4188,4188,4188,4188,
Lunedi,22/04/2013,4113,4113,4113,4113,4113,4113,4113,4113,4113,4113,4113,4113,4113,4113,4113,4113,4113,4113,4113,4113,4113,4113,4113,4113,
Martedi,23/04/2013,4032,4032,4032,4032,4032,4032,4032,4032,4032,4032,4032,4032,4032,4032,4032,4032,4032,4032,4032,4032,4032,4032,4032,4032,
Mercoledi,24/04/2013,3956,3956,3956,3956,3956,3956,3956,3956,3956,3956,3956,3956,3956,3956,3956,3956,3956,3956,3956,3956,3956,3956,3956,3956,
Giovedi,25/04/2013,3741,3741,3741,3741,3741,3741,3741,3741,3741,3741,3741,3741,3741,3741,3741,3741,3741,3741,3741,3741,3741,3741,3741,3741,
Venerdi,26/04/2013,3604,3604,3604,3604,3604,3604,3604,3604,3604,3604,3604,3604,3604,3604,3604,3604,3604,3604,3604,3604,3604,3604,3604,3604,
Sabato,27/04/2013,3279,3279,3279,3279,3279,3279,3279,3279,3279,3279,3279,3279,3279,3279,3279,3279,3279,3279,3279,3279,3279,3279,3279,3279,
Domenica,28/04/2013,4295,4295,4295,4295,4295,4295,4295,4295,4295,4295,4295,4295,4295,4295,4295,4295,4295,4295,4295,4295,4295,4295,4295,4295,
Lunedi,29/04/2013,4099,4099,4099,4099,4099,4099,4099,4099,4099,4099,4099,4099,4099,4099,4099,4099,4099,4099,4099,4099,4099,4099,4099,4099,
Martedi,30/04/2013,4168,4168,4168,4168,4168,4168,4168,4168,4168,4168,4168,4168,4168,4168,4168,4168,4168,4168,4168,4168,4168,4168,4168,4168,
Mercoledi,01/05/2013,4066,4066,4066,4066,4066,4066,4066,4066,4066,4066,4066,4066,4066,4066,4066,4066,4066,4066,4066,4066,4066,4066,4066,4066,
Giovedi,02/05/2013,4032,4032,4032,4032,4032,4032,4032,4032,4032,4032,4032,4032,4032,4032,4032,4032,4032,4032,4032,4032,4032,4032,4032,4032,
Venerdi,03/05/2013,3853,3853,3853,3853,3853,3853,3853,3853,3853,3853,3853,3853,3853,3853,3853,3853,3853,3853,3853,3853,3853,3853,3853,3853,
Sabato,04/05/2013,3553,3553,3553,3553,3553,3553,3553,3553,3553,3553,3553,3553,3553,3553,3553,3553,3553,3553,3553,3553,3553,3553,3553,3553,
Domenica,05/05/2013,3497,3497,3497,3497,3497,3497,3497,3497,3497,3497,3497,3497,3497,3497,3497,3497,3497,3497,3497,3497,3497,3497,3497,3497,
Lunedi,06/05/2013,3378,3378,3378,3378,3378,3378,3378,3378,3378,3378,3378,3378,3378,3378,3378,3378,3378,3378,3378,3378,3378,3378,3378,3378,
Martedi,07/05/2013,3202,3202,3202,3202,3202,3202,3202,3202,3202,3202,3202,3202,3202,3202,3202,3202,3202,3202,3202,3202,3202,3202,3202,3202,
Mercoledi,08/05/2013,3168,3168,3168,3168,3168,3168,3168,3168,3168,3168,3168,3168,3168,3168,3168,3168,3168,3168,3168,3168,3168,3168,3168,3168,
Giovedi,09/05/2013,3094,3094,3094,3094,3094,3094,3094,3094,3094,3094,3094,3094,3094,3094,3094,3094,3094,3094,3094,3094,3094,3094,3094,3094,
Venerdi,10/05/2013,2983,2983,2983,2983,2983,2983,2983,2983,2983,2983,2983,2983,2983,2983,2983,2983,2983,2983,2983,2983,2983,2983,2983,2983,
Sabato,11/05/2013,3122,3122,3122,3122,3122,3122,3122,3122,3122,3122,3122,3122,3122,3122,3122,3122,3122,3122,3122,3122,3122,3122,3122,3122,
Domenica,12/05/2013,3474,3474,3474,3474,3474,3474,3474,3474,3474,3474,3474,3474,3474,3474,3474,3474,3474,3474,3474,3474,3474,3474,3474,3474,
Lunedi,13/05/2013,3222,3222,3222,3222,3222,3222,3222,3222,3222,3222,3222,3222,3222,3222,3222,3222,3222,3222,3222,3222,3222,3222,3222,3222,
Martedi,14/05/2013,2898,2898,2898,2898,2898,2898,2898,2898,2898,2898,2898,2898,2898,2898,2898,2898,2898,2898,2898,2898,2898,2898,2898,2898,
Mercoledi,15/05/2013,2768,2768,2768,2768,2768,2768,2768,2768,2768,2768,2768,2768,2768,2768,2768,2768,2768,2768,2768,2768,2768,2768,2768,2768,
Giovedi,16/05/2013,2765,2765,2765,2765,2765,2765,2765,2765,2765,2765,2765,2765,2765,2765,2765,2765,2765,2765,2765,2765,2765,2765,2765,2765,
Venerdi,17/05/2013,4384,4384,4384,4384,4384,4384,4384,4384,4384,4384,4384,4384,4384,4384,4384,4384,4384,4384,4384,4384,4384,4384,4384,4384,
Sabato,18/05/2013,4157,4157,4157,4157,4157,4157,4157,4157,4157,4157,4157,4157,4157,4157,4157,4157,4157,4157,4157,4157,4157,4157,4157,4157,
Domenica,19/05/2013,4084,4084,4084,4084,4084,4084,4084,4084,4084,4084,4084,4084,4084,4084,4084,4084,4084,4084,4084,4084,4084,4084,4084,4084,
Lunedi,20/05/2013,3033,3033,3033,3033,3033,3033,3033,3033,3033,3033,3033,3033,3033,3033,3033,3033,3033,3033,3033,3033,3033,3033,3033,3033,
Martedi,21/05/2013,4050,4050,4050,4050,4050,4050,4050,4050,4050,4050,4050,4050,4050,4050,4050,4050,4050,4050,4050,4050,4050,4050,4050,4050,
Mercoledi,22/05/2013,4117,4117,4117,4117,4117,4117,4117,4117,4117,4117,4117,4117,4117,4117,4117,4117,4117,4117,4117,4117,4117,4117,4117,4117,
Giovedi,23/05/2013,3940,3940,3940,3940,3940,3940,3940,3940,3940,3940,3940,3940,3940,3940,3940,3940,3940,3940,3940,3940,3940,3940,3940,3940,
Venerdi,24/05/2013,3883,3883,3883,3883,3883,3883,3883,3883,3883,3883,3883,3883,3883,3883,3883,3883,3883,3883,3883,3883,3883,3883,3883,3883,
Sabato,25/05/2013,3955,3955,3955,3955,3955,3955,3955,3955,3955,3955,3955,3955,3955,3955,3955,3955,3955,3955,3955,3955,3955,3955,3955,3955,
Domenica,26/05/2013,3929,3929,3929,3929,3929,3929,3929,3929,3929,3929,3929,3929,3929,3929,3929,3929,3929,3929,3929,3929,3929,3929,3929,3929,
Lunedi,27/05/2013,3683,3683,3683,3683,3683,3683,3683,3683,3683,3683,3683,3683,3683,3683,3683,3683,3683,3683,3683,3683,3683,3683,3683,3683,
Martedi,28/05/2013,3310,3310,3310,3310,3310,3310,3310,3310,3310,3310,3310,3310,3310,3310,3310,3310,3310,3310,3310,3310,3310,3310,3310,3310,
Mercoledi,29/05/2013,3409,3409,3409,3409,3409,3409,3409,3409,3409,3409,3409,3409,3409,3409,3409,3409,3409,3409,3409,3409,3409,3409,3409,3409,
Giovedi,30/05/2013,4256,4256,4256,4256,4256,4256,4256,4256,4256,4256,4256,4256,4256,4256,4256,4256,4256,4256,4256,4256,4256,4256,4256,4256,
Venerdi,31/05/2013,4128,4128,4128,4128,4128,4128,4128,4128,4128,4128,4128,4128,4128,4128,4128,4128,4128,4128,4128,4128,4128,4128,4128,4128,
Sabato,01/06/2013,3740,3740,3740,3740,3740,3740,3740,3740,3740,3740,3740,3740,3740,3740,3740,3740,3740,3740,3740,3740,3740,3740,3740,3740,
Domenica,02/06/2013,3676,3676,3676,3676,3676,3676,3676,3676,3676,3676,3676,3676,3676,3676,3676,3676,3676,3676,3676,3676,3676,3676,3676,3676,
Lunedi,03/06/2013,3432,3432,3432,3432,3432,3432,3432,3432,3432,3432,3432,3432,3432,3432,3432,3432,3432,3432,3432,3432,3432,3432,3432,3432,
Martedi,04/06/2013,3126,3126,3126,3126,3126,3126,3126,3126,3126,3126,3126,3126,3126,3126,3126,3126,3126,3126,3126,3126,3126,3126,3126,3126,
Mercoledi,05/06/2013,3005,3005,3005,3005,3005,3005,3005,3005,3005,3005,3005,3005,3005,3005,3005,3005,3005,3005,3005,3005,3005,3005,3005,3005,
Giovedi,06/06/2013,2970,2970,2970,2970,2970,2970,2970,2970,2970,2970,2970,2970,2970,2970,2970,2970,2970,2970,2970,2970,2970,2970,2970,2970,
Venerdi,07/06/2013,2855,2855,2855,2855,2855,2855,2855,2855,2855,2855,2855,2855,2855,2855,2855,2855,2855,2855,2855,2855,2855,2855,2855,2855,
Sabato,08/06/2013,2871,2871,2871,2871,2871,2871,2871,2871,2871,2871,2871,2871,2871,2871,2871,2871,2871,2871,2871,2871,2871,2871,2871,2871,
Domenica,09/06/2013,2990,2990,2990,2990,2990,2990,2990,2990,2990,2990,2990,2990,2990,2990,2990,2990,2990,2990,2990,2990,2990,2990,2990,2990,
Lunedi,10/06/2013,3802,3802,3802,3802,3802,3802,3802,3802,3802,3802,3802,3802,3802,3802,3802,3802,3802,3802,3802,3802,3802,3802,3802,3802,
Martedi,11/06/2013,3189,3189,3189,3189,3189,3189,3189,3189,3189,3189,3189,3189,3189,3189,3189,3189,3189,3189,3189,3189,3189,3189,3189,3189,
Mercoledi,12/06/2013,2972,2972,2972,2972,2972,2972,2972,2972,2972,2972,2972,2972,2972,2972,2972,2972,2972,2972,2972,2972,2972,2972,2972,2972,
Giovedi,13/06/2013,2779,2779,2779,2779,2779,2779,2779,2779,2779,2779,2779,2779,2779,2779,2779,2779,2779,2779,2779,2779,2779,2779,2779,2779,
Venerdi,14/06/2013,2348,2348,2348,2348,2348,2348,2348,2348,2348,2348,2348,2348,2348,2348,2348,2348,2348,2348,2348,2348,2348,2348,2348,2348,
Sabato,15/06/2013,2226,2226,2226,2226,2226,2226,2226,2226,2226,2226,2226,2226,2226,2226,2226,2226,2226,2226,2226,2226,2226,2226,2226,2226,
Domenica,16/06/2013,2325,2325,2325,2325,2325,2325,2325,2325,2325,2325,2325,2325,2325,2325,2325,2325,2325,2325,2325,2325,2325,2325,2325,2325,
Lunedi,17/06/2013,2191,2191,2191,2191,2191,2191,2191,2191,2191,2191,2191,2191,2191,2191,2191,2191,2191,2191,2191,2191,2191,2191,2191,2191,
Martedi,18/06/2013,1908,1908,1908,1908,1908,1908,1908,1908,1908,1908,1908,1908,1908,1908,1908,1908,1908,1908,1908,1908,1908,1908,1908,1908,
Mercoledi,19/06/2013,1878,1878,1878,1878,1878,1878,1878,1878,1878,1878,1878,1878,1878,1878,1878,1878,1878,1878,1878,1878,1878,1878,1878,1878,
Giovedi,20/06/2013,1636,1636,1636,1636,1636,1636,1636,1636,1636,1636,1636,1636,1636,1636,1636,1636,1636,1636,1636,1636,1636,1636,1636,1636,
Venerdi,21/06/2013,1529,1529,1529,1529,1529,1529,1529,1529,1529,1529,1529,1529,1529,1529,1529,1529,1529,1529,1529,1529,1529,1529,1529,1529,
Sabato,22/06/2013,1420,1420,1420,1420,1420,1420,1420,1420,1420,1420,1420,1420,1420,1420,1420,1420,1420,1420,1420,1420,1420,1420,1420,1420,
Domenica,23/06/2013,1687,1687,1687,1687,1687,1687,1687,1687,1687,1687,1687,1687,1687,1687,1687,1687,1687,1687,1687,1687,1687,1687,1687,1687,
Lunedi,24/06/2013,1625,1625,1625,1625,1625,1625,1625,1625,1625,1625,1625,1625,1625,1625,1625,1625,1625,1625,1625,1625,1625,1625,1625,1625,
Martedi,25/06/2013,1339,1339,1339,1339,1339,1339,1339,1339,1339,1339,1339,1339,1339,1339,1339,1339,1339,1339,1339,1339,1339,1339,1339,1339,
Mercoledi,26/06/2013,1346,1346,1346,1346,1346,1346,1346,1346,1346,1346,1346,1346,1346,1346,1346,1346,1346,1346,1346,1346,1346,1346,1346,1346,
Giovedi,27/06/2013,1308,1308,1308,1308,1308,1308,1308,1308,1308,1308,1308,1308,1308,1308,1308,1308,1308,1308,1308,1308,1308,1308,1308,1308,
Venerdi,28/06/2013,3496,3496,3496,3496,3496,3496,3496,3496,3496,3496,3496,3496,3496,3496,3496,3496,3496,3496,3496,3496,3496,3496,3496,3496,
Sabato,29/06/2013,2628,2628,2628,2628,2628,2628,2628,2628,2628,2628,2628,2628,2628,2628,2628,2628,2628,2628,2628,2628,2628,2628,2628,2628,
Domenica,30/06/2013,1944,1944,1944,1944,1944,1944,1944,1944,1944,1944,1944,1944,1944,1944,1944,1944,1944,1944,1944,1944,1944,1944,1944,1944,
Lunedi,01/07/2013,1699,1699,1699,1699,1699,1699,1699,1699,1699,1699,1699,1699,1699,1699,1699,1699,1699,1699,1699,1699,1699,1699,1699,1699,
Martedi,02/07/2013,1290,1290,1290,1290,1290,1290,1290,1290,1290,1290,1290,1290,1290,1290,1290,1290,1290,1290,1290,1290,1290,1290,1290,1290,
Mercoledi,03/07/2013,1241,1241,1241,1241,1241,1241,1241,1241,1241,1241,1241,1241,1241,1241,1241,1241,1241,1241,1241,1241,1241,1241,1241,1241,
Giovedi,04/07/2013,1219,1219,1219,1219,1219,1219,1219,1219,1219,1219,1219,1219,1219,1219,1219,1219,1219,1219,1219,1219,1219,1219,1219,1219,
Venerdi,05/07/2013,1182,1182,1182,1182,1182,1182,1182,1182,1182,1182,1182,1182,1182,1182,1182,1182,1182,1182,1182,1182,1182,1182,1182,1182,
Sabato,06/07/2013,1234,1234,1234,1234,1234,1234,1234,1234,1234,1234,1234,1234,1234,1234,1234,1234,1234,1234,1234,1234,1234,1234,1234,1234,
Domenica,07/07/2013,1552,1552,1552,1552,1552,1552,1552,1552,1552,1552,1552,1552,1552,1552,1552,1552,1552,1552,1552,1552,1552,1552,1552,1552,
Lunedi,08/07/2013,1428,1428,1428,1428,1428,1428,1428,1428,1428,1428,1428,1428,1428,1428,1428,1428,1428,1428,1428,1428,1428,1428,1428,1428,
Martedi,09/07/2013,1158,1158,1158,1158,1158,1158,1158,1158,1158,1158,1158,1158,1158,1158,1158,1158,1158,1158,1158,1158,1158,1158,1158,1158,
Mercoledi,10/07/2013,1115,1115,1115,1115,1115,1115,1115,1115,1115,1115,1115,1115,1115,1115,1115,1115,1115,1115,1115,1115,1115,1115,1115,1115,
Giovedi,11/07/2013,1098,1098,1098,1098,1098,1098,1098,1098,1098,1098,1098,1098,1098,1098,1098,1098,1098,1098,1098,1098,1098,1098,1098,1098,
Venerdi,12/07/2013,1065,1065,1065,1065,1065,1065,1065,1065,1065,1065,1065,1065,1065,1065,1065,1065,1065,1065,1065,1065,1065,1065,1065,1065,
Sabato,13/07/2013,1033,1033,1033,1033,1033,1033,1033,1033,1033,1033,1033,1033,1033,1033,1033,1033,1033,1033,1033,1033,1033,1033,1033,1033,
Domenica,14/07/2013,1269,1269,1269,1269,1269,1269,1269,1269,1269,1269,1269,1269,1269,1269,1269,1269,1269,1269,1269,1269,1269,1269,1269,1269,
Lunedi,15/07/2013,1227,1227,1227,1227,1227,1227,1227,1227,1227,1227,1227,1227,1227,1227,1227,1227,1227,1227,1227,1227,1227,1227,1227,1227,
Martedi,16/07/2013,1213,1213,1213,1213,1213,1213,1213,1213,1213,1213,1213,1213,1213,1213,1213,1213,1213,1213,1213,1213,1213,1213,1213,1213,
Mercoledi,17/07/2013,954,954,954,954,954,954,954,954,954,954,954,954,954,954,954,954,954,954,954,954,954,954,954,954,
Giovedi,18/07/2013,904,904,904,904,904,904,904,904,904,904,904,904,904,904,904,904,904,904,904,904,904,904,904,904,
Venerdi,19/07/2013,889,889,889,889,889,889,889,889,889,889,889,889,889,889,889,889,889,889,889,889,889,889,889,889,
Sabato,20/07/2013,1182,1182,1182,1182,1182,1182,1182,1182,1182,1182,1182,1182,1182,1182,1182,1182,1182,1182,1182,1182,1182,1182,1182,1182,
Domenica,21/07/2013,1166,1166,1166,1166,1166,1166,1166,1166,1166,1166,1166,1166,1166,1166,1166,1166,1166,1166,1166,1166,1166,1166,1166,1166,
Lunedi,22/07/2013,1143,1143,1143,1143,1143,1143,1143,1143,1143,1143,1143,1143,1143,1143,1143,1143,1143,1143,1143,1143,1143,1143,1143,1143,
Martedi,23/07/2013,803,803,803,803,803,803,803,803,803,803,803,803,803,803,803,803,803,803,803,803,803,803,803,803,
Mercoledi,24/07/2013,782,782,782,782,782,782,782,782,782,782,782,782,782,782,782,782,782,782,782,782,782,782,782,782,
Giovedi,25/07/2013,769,769,769,769,769,769,769,769,769,769,769,769,769,769,769,769,769,769,769,769,769,769,769,769,
Venerdi,26/07/2013,759,759,759,759,759,759,759,759,759,759,759,759,759,759,759,759,759,759,759,759,759,759,759,759,
Sabato,27/07/2013,1466,1466,1466,1466,1466,1466,1466,1466,1466,1466,1466,1466,1466,1466,1466,1466,1466,1466,1466,1466,1466,1466,1466,1466,
Domenica,28/07/2013,1015,1015,1015,1015,1015,1015,1015,1015,1015,1015,1015,1015,1015,1015,1015,1015,1015,1015,1015,1015,1015,1015,1015,1015,
Lunedi,29/07/2013,961,961,961,961,961,961,961,961,961,961,961,961,961,961,961,961,961,961,961,961,961,961,961,961,
Martedi,30/07/2013,761,761,761,761,761,761,761,761,761,761,761,761,761,761,761,761,761,761,761,761,761,761,761,761,
Mercoledi,31/07/2013,734,734,734,734,734,734,734,734,734,734,734,734,734,734,734,734,734,734,734,734,734,734,734,734,
Giovedi,01/08/2013,751,751,751,751,751,751,751,751,751,751,751,751,751,751,751,751,751,751,751,751,751,751,751,751,
Venerdi,02/08/2013,722,722,722,722,722,722,722,722,722,722,722,722,722,722,722,722,722,722,722,722,722,722,722,722,
Sabato,03/08/2013,758,758,758,758,758,758,758,758,758,758,758,758,758,758,758,758,758,758,758,758,758,758,758,758,
Domenica,04/08/2013,957,957,957,957,957,957,957,957,957,957,957,957,957,957,957,957,957,957,957,957,957,957,957,957,
Lunedi,05/08/2013,905,905,905,905,905,905,905,905,905,905,905,905,905,905,905,905,905,905,905,905,905,905,905,905,
Martedi,06/08/2013,703,703,703,703,703,703,703,703,703,703,703,703,703,703,703,703,703,703,703,703,703,703,703,703,
Mercoledi,07/08/2013,697,697,697,697,697,697,697,697,697,697,697,697,697,697,697,697,697,697,697,697,697,697,697,697,
Giovedi,08/08/2013,694,694,694,694,694,694,694,694,694,694,694,694,694,694,694,694,694,694,694,694,694,694,694,694,
Venerdi,09/08/2013,696,696,696,696,696,696,696,696,696,696,696,696,696,696,696,696,696,696,696,696,696,696,696,696,
Sabato,10/08/2013,767,767,767,767,767,767,767,767,767,767,767,767,767,767,767,767,767,767,767,767,767,767,767,767,
Domenica,11/08/2013,848,848,848,848,848,848,848,848,848,848,848,848,848,848,848,848,848,848,848,848,848,848,848,848,
Lunedi,12/08/2013,822,822,822,822,822,822,822,822,822,822,822,822,822,822,822,822,822,822,822,822,822,822,822,822,
Martedi,13/08/2013,682,682,682,682,682,682,682,682,682,682,682,682,682,682,682,682,682,682,682,682,682,682,682,682,
Mercoledi,14/08/2013,680,680,680,680,680,680,680,680,680,680,680,680,680,680,680,680,680,680,680,680,680,680,680,680,
Giovedi,15/08/2013,683,683,683,683,683,683,683,683,683,683,683,683,683,683,683,683,683,683,683,683,683,683,683,683,
Venerdi,16/08/2013,678,678,678,678,678,678,678,678,678,678,678,678,678,678,678,678,678,678,678,678,678,678,678,678,
Sabato,17/08/2013,729,729,729,729,729,729,729,729,729,729,729,729,729,729,729,729,729,729,729,729,729,729,729,729,
Domenica,18/08/2013,738,738,738,738,738,738,738,738,738,738,738,738,738,738,738,738,738,738,738,738,738,738,738,738,
Lunedi,19/08/2013,741,741,741,741,741,741,741,741,741,741,741,741,741,741,741,741,741,741,741,741,741,741,741,741,
Martedi,20/08/2013,690,690,690,690,690,690,690,690,690,690,690,690,690,690,690,690,690,690,690,690,690,690,690,690,
Mercoledi,21/08/2013,678,678,678,678,678,678,678,678,678,678,678,678,678,678,678,678,678,678,678,678,678,678,678,678,
Giovedi,22/08/2013,678,678,678,678,678,678,678,678,678,678,678,678,678,678,678,678,678,678,678,678,678,678,678,678,
Venerdi,23/08/2013,677,677,677,677,677,677,677,677,677,677,677,677,677,677,677,677,677,677,677,677,677,677,677,677,
Sabato,24/08/2013,739,739,739,739,739,739,739,739,739,739,739,739,739,739,739,739,739,739,739,739,739,739,739,739,
Domenica,25/08/2013,1674,1674,1674,1674,1674,1674,1674,1674,1674,1674,1674,1674,1674,1674,1674,1674,1674,1674,1674,1674,1674,1674,1674,1674,
Lunedi,26/08/2013,776,776,776,776,776,776,776,776,776,776,776,776,776,776,776,776,776,776,776,776,776,776,776,776,
Martedi,27/08/2013,687,687,687,687,687,687,687,687,687,687,687,687,687,687,687,687,687,687,687,687,687,687,687,687,
Mercoledi,28/08/2013,703,703,703,703,703,703,703,703,703,703,703,703,703,703,703,703,703,703,703,703,703,703,703,703,
Giovedi,29/08/2013,688,688,688,688,688,688,688,688,688,688,688,688,688,688,688,688,688,688,688,688,688,688,688,688,
Venerdi,30/08/2013,684,684,684,684,684,684,684,684,684,684,684,684,684,684,684,684,684,684,684,684,684,684,684,684,
Sabato,31/08/2013,703,703,703,703,703,703,703,703,703,703,703,703,703,703,703,703,703,703,703,703,703,703,703,703,
Domenica,01/09/2013,712,712,712,712,712,712,712,712,712,712,712,712,712,712,712,712,712,712,712,712,712,712,712,712,
Lunedi,02/09/2013,726,726,726,726,726,726,726,726,726,726,726,726,726,726,726,726,726,726,726,726,726,726,726,726,
Martedi,03/09/2013,731,731,731,731,731,731,731,731,731,731,731,731,731,731,731,731,731,731,731,731,731,731,731,731,
Mercoledi,04/09/2013,729,729,729,729,729,729,729,729,729,729,729,729,729,729,729,729,729,729,729,729,729,729,729,729,
Giovedi,05/09/2013,725,725,725,725,725,725,725,725,725,725,725,725,725,725,725,725,725,725,725,725,725,725,725,725,
Venerdi,06/09/2013,751,751,751,751,751,751,751,751,751,751,751,751,751,751,751,751,751,751,751,751,751,751,751,751,
Sabato,07/09/2013,713,713,713,713,713,713,713,713,713,713,713,713,713,713,713,713,713,713,713,713,713,713,713,713,
Domenica,08/09/2013,702,702,702,702,702,702,702,702,702,702,702,702,702,702,702,702,702,702,702,702,702,702,702,702,
Lunedi,09/09/2013,704,704,704,704,704,704,704,704,704,704,704,704,704,704,704,704,704,704,704,704,704,704,704,704,
Martedi,10/09/2013,702,702,702,702,702,702,702,702,702,702,702,702,702,702,702,702,702,702,702,702,702,702,702,702,
Mercoledi,11/09/2013,964,964,964,964,964,964,964,964,964,964,964,964,964,964,964,964,964,964,964,964,964,964,964,964,
Giovedi,12/09/2013,736,736,736,736,736,736,736,736,736,736,736,736,736,736,736,736,736,736,736,736,736,736,736,736,
Venerdi,13/09/2013,758,758,758,758,758,758,758,758,758,758,758,758,758,758,758,758,758,758,758,758,758,758,758,758,
Sabato,14/09/2013,702,702,702,702,702,702,702,702,702,702,702,702,702,702,702,702,702,702,702,702,702,702,702,702,
Domenica,15/09/2013,693,693,693,693,693,693,693,693,693,693,693,693,693,693,693,693,693,693,693,693,693,693,693,693,
Lunedi,16/09/2013,734,734,734,734,734,734,734,734,734,734,734,734,734,734,734,734,734,734,734,734,734,734,734,734,
Martedi,17/09/2013,697,697,697,697,697,697,697,697,697,697,697,697,697,697,697,697,697,697,697,697,697,697,697,697,
Mercoledi,18/09/2013,689,689,689,689,689,689,689,689,689,689,689,689,689,689,689,689,689,689,689,689,689,689,689,689,
Giovedi,19/09/2013,687,687,687,687,687,687,687,687,687,687,687,687,687,687,687,687,687,687,687,687,687,687,687,687,
Venerdi,20/09/2013,688,688,688,688,688,688,688,688,688,688,688,688,688,688,688,688,688,688,688,688,688,688,688,688,
Sabato,21/09/2013,682,682,682,682,682,682,682,682,682,682,682,682,682,682,682,682,682,682,682,682,682,682,682,682,
Domenica,22/09/2013,682,682,682,682,682,682,682,682,682,682,682,682,682,682,682,682,682,682,682,682,682,682,682,682,
Lunedi,23/09/2013,677,677,677,677,677,677,677,677,677,677,677,677,677,677,677,677,677,677,677,677,677,677,677,677,
Martedi,24/09/2013,676,676,676,676,676,676,676,676,676,676,676,676,676,676,676,676,676,676,676,676,676,676,676,676,
Mercoledi,25/09/2013,626,626,626,626,626,626,626,626,626,626,626,626,626,626,626,626,626,626,626,626,626,626,626,626,
Giovedi,26/09/2013,612,612,612,612,612,612,612,612,612,612,612,612,612,612,612,612,612,612,612,612,612,612,612,612,
Venerdi,27/09/2013,611,611,611,611,611,611,611,611,611,611,611,611,611,611,611,611,611,611,611,611,611,611,611,611,
Sabato,28/09/2013,610,610,610,610,610,610,610,610,610,610,610,610,610,610,610,610,610,610,610,610,610,610,610,610,
Domenica,29/09/2013,604,604,604,604,604,604,604,604,604,604,604,604,604,604,604,604,604,604,604,604,604,604,604,604,
Lunedi,30/09/2013,610,610,610,610,610,610,610,610,610,610,610,610,610,610,610,610,610,610,610,610,610,610,610,610,
Martedi,01/10/2013,1064,1064,1064,1064,1064,1064,1064,1064,1064,1064,1064,1064,1064,1064,1064,1064,1064,1064,1064,1064,1064,1064,1064,1064,
Mercoledi,02/10/2013,665,665,665,665,665,665,665,665,665,665,665,665,665,665,665,665,665,665,665,665,665,665,665,665,
Giovedi,03/10/2013,657,657,657,657,657,657,657,657,657,657,657,657,657,657,657,657,657,657,657,657,657,657,657,657,
Venerdi,04/10/2013,655,655,655,655,655,655,655,655,655,655,655,655,655,655,655,655,655,655,655,655,655,655,655,655,
Sabato,05/10/2013,640,640,640,640,640,640,640,640,640,640,640,640,640,640,640,640,640,640,640,640,640,640,640,640,
Domenica,06/10/2013,649,649,649,649,649,649,649,649,649,649,649,649,649,649,649,649,649,649,649,649,649,649,649,649,
Lunedi,07/10/2013,657,657,657,657,657,657,657,657,657,657,657,657,657,657,657,657,657,657,657,657,657,657,657,657,
Martedi,08/10/2013,1071,1071,1071,1071,1071,1071,1071,1071,1071,1071,1071,1071,1071,1071,1071,1071,1071,1071,1071,1071,1071,1071,1071,1071,
Mercoledi,09/10/2013,660,660,660,660,660,660,660,660,660,660,660,660,660,660,660,660,660,660,660,660,660,660,660,660,
Giovedi,10/10/2013,681,681,681,681,681,681,681,681,681,681,681,681,681,681,681,681,681,681,681,681,681,681,681,681,
Venerdi,11/10/2013,3263,3263,3263,3263,3263,3263,3263,3263,3263,3263,3263,3263,3263,3263,3263,3263,3263,3263,3263,3263,3263,3263,3263,3263,
Sabato,12/10/2013,3182,3182,3182,3182,3182,3182,3182,3182,3182,3182,3182,3182,3182,3182,3182,3182,3182,3182,3182,3182,3182,3182,3182,3182,
Domenica,13/10/2013,3490,3490,3490,3490,3490,3490,3490,3490,3490,3490,3490,3490,3490,3490,3490,3490,3490,3490,3490,3490,3490,3490,3490,3490,
Lunedi,14/10/2013,2312,2312,2312,2312,2312,2312,2312,2312,2312,2312,2312,2312,2312,2312,2312,2312,2312,2312,2312,2312,2312,2312,2312,2312,
Martedi,15/10/2013,1346,1346,1346,1346,1346,1346,1346,1346,1346,1346,1346,1346,1346,1346,1346,1346,1346,1346,1346,1346,1346,1346,1346,1346,
Mercoledi,16/10/2013,929,929,929,929,929,929,929,929,929,929,929,929,929,929,929,929,929,929,929,929,929,929,929,929,
Giovedi,17/10/2013,858,858,858,858,858,858,858,858,858,858,858,858,858,858,858,858,858,858,858,858,858,858,858,858,
Venerdi,18/10/2013,825,825,825,825,825,825,825,825,825,825,825,825,825,825,825,825,825,825,825,825,825,825,825,825,
Sabato,19/10/2013,816,816,816,816,816,816,816,816,816,816,816,816,816,816,816,816,816,816,816,816,816,816,816,816,
Domenica,20/10/2013,998,998,998,998,998,998,998,998,998,998,998,998,998,998,998,998,998,998,998,998,998,998,998,998,
Lunedi,21/10/2013,971,971,971,971,971,971,971,971,971,971,971,971,971,971,971,971,971,971,971,971,971,971,971,971,
Martedi,22/10/2013,696,696,696,696,696,696,696,696,696,696,696,696,696,696,696,696,696,696,696,696,696,696,696,696,
Mercoledi,23/10/2013,699,699,699,699,699,699,699,699,699,699,699,699,699,699,699,699,699,699,699,699,699,699,699,699,
Giovedi,24/10/2013,1289,1289,1289,1289,1289,1289,1289,1289,1289,1289,1289,1289,1289,1289,1289,1289,1289,1289,1289,1289,1289,1289,1289,1289,
Venerdi,25/10/2013,3971,3971,3971,3971,3971,3971,3971,3971,3971,3971,3971,3971,3971,3971,3971,3971,3971,3971,3971,3971,3971,3971,3971,3971,
Sabato,26/10/2013,964,964,964,964,964,964,964,964,964,964,964,964,964,964,964,964,964,964,964,964,964,964,964,964,
Domenica,27/10/2013,2629,2629,2629,2629,2629,2629,2629,2629,2629,2629,2629,2629,2629,2629,2629,2629,2629,2629,2629,2629,2629,2629,2629,2629,
Lunedi,28/10/2013,1895,1895,1895,1895,1895,1895,1895,1895,1895,1895,1895,1895,1895,1895,1895,1895,1895,1895,1895,1895,1895,1895,1895,1895,
Martedi,29/10/2013,1303,1303,1303,1303,1303,1303,1303,1303,1303,1303,1303,1303,1303,1303,1303,1303,1303,1303,1303,1303,1303,1303,1303,1303,
Mercoledi,30/10/2013,4043,4043,4043,4043,4043,4043,4043,4043,4043,4043,4043,4043,4043,4043,4043,4043,4043,4043,4043,4043,4043,4043,4043,4043,
Giovedi,31/10/2013,3738,3738,3738,3738,3738,3738,3738,3738,3738,3738,3738,3738,3738,3738,3738,3738,3738,3738,3738,3738,3738,3738,3738,3738,
Venerdi,01/11/2013,3396,3396,3396,3396,3396,3396,3396,3396,3396,3396,3396,3396,3396,3396,3396,3396,3396,3396,3396,3396,3396,3396,3396,3396,
Sabato,02/11/2013,3337,3337,3337,3337,3337,3337,3337,3337,3337,3337,3337,3337,3337,3337,3337,3337,3337,3337,3337,3337,3337,3337,3337,3337,
Domenica,03/11/2013,2632,2632,2632,2632,2632,2632,2632,2632,2632,2632,2632,2632,2632,2632,2632,2632,2632,2632,2632,2632,2632,2632,2632,2632,
Lunedi,04/11/2013,3031,3031,3031,3031,3031,3031,3031,3031,3031,3031,3031,3031,3031,3031,3031,3031,3031,3031,3031,3031,3031,3031,3031,3031,
Martedi,05/11/2013,2625,2625,2625,2625,2625,2625,2625,2625,2625,2625,2625,2625,2625,2625,2625,2625,2625,2625,2625,2625,2625,2625,2625,2625,
Mercoledi,06/11/2013,3104,3104,3104,3104,3104,3104,3104,3104,3104,3104,3104,3104,3104,3104,3104,3104,3104,3104,3104,3104,3104,3104,3104,3104,
Giovedi,07/11/2013,2388,2388,2388,2388,2388,2388,2388,2388,2388,2388,2388,2388,2388,2388,2388,2388,2388,2388,2388,2388,2388,2388,2388,2388,
Venerdi,08/11/2013,2110,2110,2110,2110,2110,2110,2110,2110,2110,2110,2110,2110,2110,2110,2110,2110,2110,2110,2110,2110,2110,2110,2110,2110,
Sabato,09/11/2013,1888,1888,1888,1888,1888,1888,1888,1888,1888,1888,1888,1888,1888,1888,1888,1888,1888,1888,1888,1888,1888,1888,1888,1888,
Domenica,10/11/2013,4176,4176,4176,4176,4176,4176,4176,4176,4176,4176,4176,4176,4176,4176,4176,4176,4176,4176,4176,4176,4176,4176,4176,4176,
Lunedi,11/11/2013,4031,4031,4031,4031,4031,4031,4031,4031,4031,4031,4031,4031,4031,4031,4031,4031,4031,4031,4031,4031,4031,4031,4031,4031,
Martedi,12/11/2013,3028,3028,3028,3028,3028,3028,3028,3028,3028,3028,3028,3028,3028,3028,3028,3028,3028,3028,3028,3028,3028,3028,3028,3028,
Mercoledi,13/11/2013,2261,2261,2261,2261,2261,2261,2261,2261,2261,2261,2261,2261,2261,2261,2261,2261,2261,2261,2261,2261,2261,2261,2261,2261,
Giovedi,14/11/2013,2117,2117,2117,2117,2117,2117,2117,2117,2117,2117,2117,2117,2117,2117,2117,2117,2117,2117,2117,2117,2117,2117,2117,2117,
Venerdi,15/11/2013,1861,1861,1861,1861,1861,1861,1861,1861,1861,1861,1861,1861,1861,1861,1861,1861,1861,1861,1861,1861,1861,1861,1861,1861,
Sabato,16/11/2013,2712,2712,2712,2712,2712,2712,2712,2712,2712,2712,2712,2712,2712,2712,2712,2712,2712,2712,2712,2712,2712,2712,2712,2712,
Domenica,17/11/2013,2062,2062,2062,2062,2062,2062,2062,2062,2062,2062,2062,2062,2062,2062,2062,2062,2062,2062,2062,2062,2062,2062,2062,2062,
Lunedi,18/11/2013,1809,1809,1809,1809,1809,1809,1809,1809,1809,1809,1809,1809,1809,1809,1809,1809,1809,1809,1809,1809,1809,1809,1809,1809,
Martedi,19/11/2013,1260,1260,1260,1260,1260,1260,1260,1260,1260,1260,1260,1260,1260,1260,1260,1260,1260,1260,1260,1260,1260,1260,1260,1260,
Mercoledi,20/11/2013,1232,1232,1232,1232,1232,1232,1232,1232,1232,1232,1232,1232,1232,1232,1232,1232,1232,1232,1232,1232,1232,1232,1232,1232,
Giovedi,21/11/2013,1386,1386,1386,1386,1386,1386,1386,1386,1386,1386,1386,1386,1386,1386,1386,1386,1386,1386,1386,1386,1386,1386,1386,1386,
Venerdi,22/11/2013,1614,1614,1614,1614,1614,1614,1614,1614,1614,1614,1614,1614,1614,1614,1614,1614,1614,1614,1614,1614,1614,1614,1614,1614,
Sabato,23/11/2013,1358,1358,1358,1358,1358,1358,1358,1358,1358,1358,1358,1358,1358,1358,1358,1358,1358,1358,1358,1358,1358,1358,1358,1358,
Domenica,24/11/2013,2164,2164,2164,2164,2164,2164,2164,2164,2164,2164,2164,2164,2164,2164,2164,2164,2164,2164,2164,2164,2164,2164,2164,2164,
Lunedi,25/11/2013,2485,2485,2485,2485,2485,2485,2485,2485,2485,2485,2485,2485,2485,2485,2485,2485,2485,2485,2485,2485,2485,2485,2485,2485,
Martedi,26/11/2013,1540,1540,1540,1540,1540,1540,1540,1540,1540,1540,1540,1540,1540,1540,1540,1540,1540,1540,1540,1540,1540,1540,1540,1540,
Mercoledi,27/11/2013,1358,1358,1358,1358,1358,1358,1358,1358,1358,1358,1358,1358,1358,1358,1358,1358,1358,1358,1358,1358,1358,1358,1358,1358,
Giovedi,28/11/2013,1274,1274,1274,1274,1274,1274,1274,1274,1274,1274,1274,1274,1274,1274,1274,1274,1274,1274,1274,1274,1274,1274,1274,1274,
Venerdi,29/11/2013,1194,1194,1194,1194,1194,1194,1194,1194,1194,1194,1194,1194,1194,1194,1194,1194,1194,1194,1194,1194,1194,1194,1194,1194,
Sabato,30/11/2013,1142,1142,1142,1142,1142,1142,1142,1142,1142,1142,1142,1142,1142,1142,1142,1142,1142,1142,1142,1142,1142,1142,1142,1142,
Domenica,01/12/2013,1819,1819,1819,1819,1819,1819,1819,1819,1819,1819,1819,1819,1819,1819,1819,1819,1819,1819,1819,1819,1819,1819,1819,1819,
Lunedi,02/12/2013,1490,1490,1490,1490,1490,1490,1490,1490,1490,1490,1490,1490,1490,1490,1490,1490,1490,1490,1490,1490,1490,1490,1490,1490,
Martedi,03/12/2013,1201,1201,1201,1201,1201,1201,1201,1201,1201,1201,1201,1201,1201,1201,1201,1201,1201,1201,1201,1201,1201,1201,1201,1201,
Mercoledi,04/12/2013,1146,1146,1146,1146,1146,1146,1146,1146,1146,1146,1146,1146,1146,1146,1146,1146,1146,1146,1146,1146,1146,1146,1146,1146,
Giovedi,05/12/2013,1129,1129,1129,1129,1129,1129,1129,1129,1129,1129,1129,1129,1129,1129,1129,1129,1129,1129,1129,1129,1129,1129,1129,1129,
Venerdi,06/12/2013,1111,1111,1111,1111,1111,1111,1111,1111,1111,1111,1111,1111,1111,1111,1111,1111,1111,1111,1111,1111,1111,1111,1111,1111,
Sabato,07/12/2013,1171,1171,1171,1171,1171,1171,1171,1171,1171,1171,1171,1171,1171,1171,1171,1171,1171,1171,1171,1171,1171,1171,1171,1171,
Domenica,08/12/2013,1304,1304,1304,1304,1304,1304,1304,1304,1304,1304,1304,1304,1304,1304,1304,1304,1304,1304,1304,1304,1304,1304,1304,1304,
Lunedi,09/12/2013,1307,1307,1307,1307,1307,1307,1307,1307,1307,1307,1307,1307,1307,1307,1307,1307,1307,1307,1307,1307,1307,130,